Spectrum Name:,
Description:,
Student ID:,
Detector Used:,
Comments:,
Acquisition Mode:,Mossbauer
Mossbauer Dwell Time:,0.1 mSeconds
Elapsed Passes:,44226 
High Voltage:,1800
Conversion Gain:,2048
Coarse Gain:,4
Fine Gain:,1.78
ULD:,  40%
LLD:,  22%

Channel Data:
Chan,Dwell(mSec.),Counts
0,      0.10,242
1,      0.20,281
2,      0.30,258
3,      0.40,265
4,      0.50,272
5,      0.60,270
6,      0.70,260
7,      0.80,232
8,      0.90,257
9,      1.00,275
10,      1.10,261
11,      1.20,264
12,      1.30,274
13,      1.40,262
14,      1.50,280
15,      1.60,291
16,      1.70,261
17,      1.80,288
18,      1.90,299
19,      2.00,314
20,      2.10,255
21,      2.20,290
22,      2.30,246
23,      2.40,263
24,      2.50,276
25,      2.60,300
26,      2.70,294
27,      2.80,291
28,      2.90,256
29,      3.00,294
30,      3.10,269
31,      3.20,266
32,      3.30,247
33,      3.40,257
34,      3.50,294
35,      3.60,247
36,      3.70,268
37,      3.80,269
38,      3.90,259
39,      4.00,265
40,      4.10,254
41,      4.20,268
42,      4.30,278
43,      4.40,255
44,      4.50,270
45,      4.60,281
46,      4.70,263
47,      4.80,253
48,      4.90,253
49,      5.00,265
50,      5.10,276
51,      5.20,269
52,      5.30,248
53,      5.40,269
54,      5.50,242
55,      5.60,255
56,      5.70,254
57,      5.80,249
58,      5.90,255
59,      6.00,240
60,      6.10,281
61,      6.20,247
62,      6.30,255
63,      6.40,262
64,      6.50,252
65,      6.60,282
66,      6.70,308
67,      6.80,269
68,      6.90,279
69,      7.00,283
70,      7.10,276
71,      7.20,280
72,      7.30,268
73,      7.40,285
74,      7.50,274
75,      7.60,288
76,      7.70,276
77,      7.80,272
78,      7.90,284
79,      8.00,275
80,      8.10,264
81,      8.20,238
82,      8.30,272
83,      8.40,285
84,      8.50,279
85,      8.60,282
86,      8.70,287
87,      8.80,283
88,      8.90,260
89,      9.00,261
90,      9.10,252
91,      9.20,296
92,      9.30,264
93,      9.40,270
94,      9.50,287
95,      9.60,266
96,      9.70,245
97,      9.80,276
98,      9.90,279
99,     10.00,279
100,     10.10,246
101,     10.20,279
102,     10.30,293
103,     10.40,257
104,     10.50,264
105,     10.60,303
106,     10.70,277
107,     10.80,283
108,     10.90,303
109,     11.00,238
110,     11.10,267
111,     11.20,280
112,     11.30,249
113,     11.40,269
114,     11.50,290
115,     11.60,249
116,     11.70,283
117,     11.80,261
118,     11.90,275
119,     12.00,255
120,     12.10,278
121,     12.20,240
122,     12.30,276
123,     12.40,283
124,     12.50,261
125,     12.60,253
126,     12.70,265
127,     12.80,270
128,     12.90,274
129,     13.00,300
130,     13.10,274
131,     13.20,241
132,     13.30,283
133,     13.40,245
134,     13.50,258
135,     13.60,283
136,     13.70,251
137,     13.80,304
138,     13.90,254
139,     14.00,259
140,     14.10,286
141,     14.20,287
142,     14.30,258
143,     14.40,253
144,     14.50,277
145,     14.60,283
146,     14.70,288
147,     14.80,253
148,     14.90,265
149,     15.00,251
150,     15.10,284
151,     15.20,274
152,     15.30,291
153,     15.40,270
154,     15.50,253
155,     15.60,239
156,     15.70,254
157,     15.80,280
158,     15.90,255
159,     16.00,272
160,     16.10,283
161,     16.20,265
162,     16.30,297
163,     16.40,243
164,     16.50,247
165,     16.60,273
166,     16.70,273
167,     16.80,294
168,     16.90,244
169,     17.00,276
170,     17.10,280
171,     17.20,279
172,     17.30,270
173,     17.40,306
174,     17.50,272
175,     17.60,275
176,     17.70,260
177,     17.80,253
178,     17.90,281
179,     18.00,275
180,     18.10,254
181,     18.20,233
182,     18.30,247
183,     18.40,254
184,     18.50,271
185,     18.60,278
186,     18.70,268
187,     18.80,267
188,     18.90,248
189,     19.00,264
190,     19.10,244
191,     19.20,248
192,     19.30,240
193,     19.40,236
194,     19.50,259
195,     19.60,270
196,     19.70,252
197,     19.80,273
198,     19.90,295
199,     20.00,270
200,     20.10,256
201,     20.20,252
202,     20.30,233
203,     20.40,263
204,     20.50,237
205,     20.60,258
206,     20.70,248
207,     20.80,268
208,     20.90,271
209,     21.00,266
210,     21.10,266
211,     21.20,255
212,     21.30,266
213,     21.40,268
214,     21.50,243
215,     21.60,262
216,     21.70,261
217,     21.80,309
218,     21.90,257
219,     22.00,262
220,     22.10,253
221,     22.20,228
222,     22.30,280
223,     22.40,251
224,     22.50,248
225,     22.60,268
226,     22.70,275
227,     22.80,280
228,     22.90,259
229,     23.00,268
230,     23.10,241
231,     23.20,289
232,     23.30,277
233,     23.40,278
234,     23.50,250
235,     23.60,256
236,     23.70,279
237,     23.80,263
238,     23.90,256
239,     24.00,259
240,     24.10,266
241,     24.20,245
242,     24.30,257
243,     24.40,266
244,     24.50,261
245,     24.60,254
246,     24.70,280
247,     24.80,267
248,     24.90,239
249,     25.00,255
250,     25.10,284
251,     25.20,269
252,     25.30,265
253,     25.40,249
254,     25.50,250
255,     25.60,274
256,     25.70,266
257,     25.80,287
258,     25.90,247
259,     26.00,267
260,     26.10,277
261,     26.20,271
262,     26.30,272
263,     26.40,263
264,     26.50,262
265,     26.60,258
266,     26.70,258
267,     26.80,263
268,     26.90,278
269,     27.00,254
270,     27.10,234
271,     27.20,257
272,     27.30,270
273,     27.40,295
274,     27.50,268
275,     27.60,271
276,     27.70,272
277,     27.80,290
278,     27.90,267
279,     28.00,283
280,     28.10,246
281,     28.20,240
282,     28.30,289
283,     28.40,273
284,     28.50,270
285,     28.60,259
286,     28.70,260
287,     28.80,275
288,     28.90,267
289,     29.00,267
290,     29.10,263
291,     29.20,256
292,     29.30,280
293,     29.40,272
294,     29.50,278
295,     29.60,255
296,     29.70,270
297,     29.80,274
298,     29.90,257
299,     30.00,268
300,     30.10,275
301,     30.20,255
302,     30.30,264
303,     30.40,261
304,     30.50,267
305,     30.60,264
306,     30.70,251
307,     30.80,264
308,     30.90,302
309,     31.00,294
310,     31.10,240
311,     31.20,313
312,     31.30,275
313,     31.40,278
314,     31.50,278
315,     31.60,264
316,     31.70,253
317,     31.80,243
318,     31.90,253
319,     32.00,281
320,     32.10,278
321,     32.20,279
322,     32.30,235
323,     32.40,294
324,     32.50,248
325,     32.60,248
326,     32.70,264
327,     32.80,249
328,     32.90,287
329,     33.00,284
330,     33.10,268
331,     33.20,257
332,     33.30,275
333,     33.40,275
334,     33.50,268
335,     33.60,260
336,     33.70,287
337,     33.80,276
338,     33.90,271
339,     34.00,301
340,     34.10,251
341,     34.20,262
342,     34.30,262
343,     34.40,255
344,     34.50,266
345,     34.60,255
346,     34.70,284
347,     34.80,259
348,     34.90,279
349,     35.00,277
350,     35.10,241
351,     35.20,257
352,     35.30,286
353,     35.40,273
354,     35.50,264
355,     35.60,275
356,     35.70,254
357,     35.80,241
358,     35.90,240
359,     36.00,302
360,     36.10,256
361,     36.20,269
362,     36.30,259
363,     36.40,261
364,     36.50,286
365,     36.60,296
366,     36.70,260
367,     36.80,244
368,     36.90,274
369,     37.00,256
370,     37.10,254
371,     37.20,304
372,     37.30,281
373,     37.40,243
374,     37.50,260
375,     37.60,271
376,     37.70,271
377,     37.80,288
378,     37.90,285
379,     38.00,233
380,     38.10,273
381,     38.20,261
382,     38.30,263
383,     38.40,258
384,     38.50,258
385,     38.60,248
386,     38.70,272
387,     38.80,273
388,     38.90,255
389,     39.00,246
390,     39.10,291
391,     39.20,256
392,     39.30,256
393,     39.40,261
394,     39.50,255
395,     39.60,238
396,     39.70,249
397,     39.80,257
398,     39.90,229
399,     40.00,288
400,     40.10,242
401,     40.20,253
402,     40.30,245
403,     40.40,221
404,     40.50,270
405,     40.60,250
406,     40.70,268
407,     40.80,234
408,     40.90,250
409,     41.00,255
410,     41.10,261
411,     41.20,259
412,     41.30,259
413,     41.40,244
414,     41.50,301
415,     41.60,256
416,     41.70,296
417,     41.80,262
418,     41.90,263
419,     42.00,252
420,     42.10,268
421,     42.20,263
422,     42.30,236
423,     42.40,254
424,     42.50,260
425,     42.60,246
426,     42.70,272
427,     42.80,260
428,     42.90,244
429,     43.00,285
430,     43.10,259
431,     43.20,240
432,     43.30,258
433,     43.40,270
434,     43.50,292
435,     43.60,278
436,     43.70,267
437,     43.80,228
438,     43.90,268
439,     44.00,251
440,     44.10,277
441,     44.20,263
442,     44.30,278
443,     44.40,269
444,     44.50,275
445,     44.60,266
446,     44.70,302
447,     44.80,268
448,     44.90,249
449,     45.00,276
450,     45.10,242
451,     45.20,288
452,     45.30,279
453,     45.40,278
454,     45.50,294
455,     45.60,237
456,     45.70,265
457,     45.80,250
458,     45.90,242
459,     46.00,273
460,     46.10,281
461,     46.20,270
462,     46.30,292
463,     46.40,258
464,     46.50,303
465,     46.60,265
466,     46.70,251
467,     46.80,277
468,     46.90,229
469,     47.00,289
470,     47.10,286
471,     47.20,262
472,     47.30,271
473,     47.40,266
474,     47.50,275
475,     47.60,274
476,     47.70,299
477,     47.80,295
478,     47.90,264
479,     48.00,287
480,     48.10,233
481,     48.20,257
482,     48.30,279
483,     48.40,264
484,     48.50,293
485,     48.60,272
486,     48.70,265
487,     48.80,268
488,     48.90,268
489,     49.00,279
490,     49.10,258
491,     49.20,264
492,     49.30,229
493,     49.40,263
494,     49.50,279
495,     49.60,261
496,     49.70,265
497,     49.80,268
498,     49.90,275
499,     50.00,257
500,     50.10,258
501,     50.20,277
502,     50.30,255
503,     50.40,254
504,     50.50,275
505,     50.60,274
506,     50.70,271
507,     50.80,255
508,     50.90,266
509,     51.00,283
510,     51.10,283
511,     51.20,202
512,     51.30,253
513,     51.40,289
514,     51.50,290
515,     51.60,301
516,     51.70,262
517,     51.80,308
518,     51.90,282
519,     52.00,257
520,     52.10,255
521,     52.20,276
522,     52.30,220
523,     52.40,261
524,     52.50,289
525,     52.60,271
526,     52.70,268
527,     52.80,284
528,     52.90,258
529,     53.00,276
530,     53.10,277
531,     53.20,231
532,     53.30,277
533,     53.40,271
534,     53.50,277
535,     53.60,266
536,     53.70,268
537,     53.80,280
538,     53.90,242
539,     54.00,247
540,     54.10,272
541,     54.20,259
542,     54.30,292
543,     54.40,268
544,     54.50,266
545,     54.60,240
546,     54.70,233
547,     54.80,268
548,     54.90,267
549,     55.00,247
550,     55.10,245
551,     55.20,287
552,     55.30,257
553,     55.40,272
554,     55.50,271
555,     55.60,274
556,     55.70,253
557,     55.80,265
558,     55.90,248
559,     56.00,248
560,     56.10,262
561,     56.20,296
562,     56.30,272
563,     56.40,282
564,     56.50,265
565,     56.60,254
566,     56.70,284
567,     56.80,261
568,     56.90,255
569,     57.00,254
570,     57.10,281
571,     57.20,270
572,     57.30,245
573,     57.40,293
574,     57.50,281
575,     57.60,249
576,     57.70,314
577,     57.80,291
578,     57.90,288
579,     58.00,247
580,     58.10,264
581,     58.20,258
582,     58.30,259
583,     58.40,260
584,     58.50,283
585,     58.60,278
586,     58.70,269
587,     58.80,240
588,     58.90,263
589,     59.00,275
590,     59.10,277
591,     59.20,282
592,     59.30,262
593,     59.40,301
594,     59.50,285
595,     59.60,254
596,     59.70,238
597,     59.80,256
598,     59.90,257
599,     60.00,258
600,     60.10,286
601,     60.20,275
602,     60.30,271
603,     60.40,268
604,     60.50,287
605,     60.60,248
606,     60.70,280
607,     60.80,274
608,     60.90,269
609,     61.00,241
610,     61.10,249
611,     61.20,270
612,     61.30,271
613,     61.40,239
614,     61.50,239
615,     61.60,258
616,     61.70,251
617,     61.80,298
618,     61.90,280
619,     62.00,244
620,     62.10,263
621,     62.20,247
622,     62.30,259
623,     62.40,266
624,     62.50,264
625,     62.60,264
626,     62.70,259
627,     62.80,242
628,     62.90,263
629,     63.00,247
630,     63.10,283
631,     63.20,269
632,     63.30,275
633,     63.40,264
634,     63.50,287
635,     63.60,257
636,     63.70,257
637,     63.80,263
638,     63.90,264
639,     64.00,257
640,     64.10,254
641,     64.20,264
642,     64.30,243
643,     64.40,260
644,     64.50,269
645,     64.60,249
646,     64.70,278
647,     64.80,273
648,     64.90,246
649,     65.00,247
650,     65.10,271
651,     65.20,265
652,     65.30,278
653,     65.40,302
654,     65.50,263
655,     65.60,251
656,     65.70,272
657,     65.80,273
658,     65.90,269
659,     66.00,248
660,     66.10,258
661,     66.20,269
662,     66.30,261
663,     66.40,272
664,     66.50,278
665,     66.60,291
666,     66.70,259
667,     66.80,254
668,     66.90,278
669,     67.00,241
670,     67.10,259
671,     67.20,273
672,     67.30,239
673,     67.40,266
674,     67.50,270
675,     67.60,249
676,     67.70,280
677,     67.80,254
678,     67.90,255
679,     68.00,254
680,     68.10,286
681,     68.20,262
682,     68.30,263
683,     68.40,260
684,     68.50,283
685,     68.60,240
686,     68.70,285
687,     68.80,252
688,     68.90,267
689,     69.00,289
690,     69.10,283
691,     69.20,252
692,     69.30,247
693,     69.40,274
694,     69.50,275
695,     69.60,244
696,     69.70,267
697,     69.80,263
698,     69.90,270
699,     70.00,278
700,     70.10,234
701,     70.20,283
702,     70.30,247
703,     70.40,288
704,     70.50,246
705,     70.60,268
706,     70.70,261
707,     70.80,239
708,     70.90,270
709,     71.00,275
710,     71.10,262
711,     71.20,266
712,     71.30,282
713,     71.40,255
714,     71.50,286
715,     71.60,252
716,     71.70,266
717,     71.80,258
718,     71.90,249
719,     72.00,259
720,     72.10,260
721,     72.20,253
722,     72.30,219
723,     72.40,274
724,     72.50,276
725,     72.60,269
726,     72.70,253
727,     72.80,264
728,     72.90,261
729,     73.00,286
730,     73.10,236
731,     73.20,267
732,     73.30,277
733,     73.40,270
734,     73.50,275
735,     73.60,287
736,     73.70,252
737,     73.80,247
738,     73.90,240
739,     74.00,278
740,     74.10,274
741,     74.20,250
742,     74.30,303
743,     74.40,251
744,     74.50,300
745,     74.60,268
746,     74.70,279
747,     74.80,242
748,     74.90,268
749,     75.00,257
750,     75.10,297
751,     75.20,266
752,     75.30,249
753,     75.40,275
754,     75.50,250
755,     75.60,291
756,     75.70,265
757,     75.80,254
758,     75.90,284
759,     76.00,259
760,     76.10,248
761,     76.20,268
762,     76.30,232
763,     76.40,245
764,     76.50,281
765,     76.60,286
766,     76.70,248
767,     76.80,261
768,     76.90,274
769,     77.00,259
770,     77.10,270
771,     77.20,277
772,     77.30,274
773,     77.40,291
774,     77.50,291
775,     77.60,277
776,     77.70,278
777,     77.80,254
778,     77.90,251
779,     78.00,284
780,     78.10,298
781,     78.20,269
782,     78.30,278
783,     78.40,260
784,     78.50,259
785,     78.60,274
786,     78.70,231
787,     78.80,278
788,     78.90,267
789,     79.00,236
790,     79.10,271
791,     79.20,270
792,     79.30,274
793,     79.40,254
794,     79.50,262
795,     79.60,260
796,     79.70,267
797,     79.80,257
798,     79.90,259
799,     80.00,286
800,     80.10,262
801,     80.20,273
802,     80.30,281
803,     80.40,248
804,     80.50,261
805,     80.60,265
806,     80.70,284
807,     80.80,258
808,     80.90,258
809,     81.00,248
810,     81.10,270
811,     81.20,273
812,     81.30,261
813,     81.40,257
814,     81.50,285
815,     81.60,268
816,     81.70,279
817,     81.80,271
818,     81.90,275
819,     82.00,274
820,     82.10,263
821,     82.20,280
822,     82.30,283
823,     82.40,273
824,     82.50,244
825,     82.60,243
826,     82.70,282
827,     82.80,258
828,     82.90,239
829,     83.00,256
830,     83.10,258
831,     83.20,264
832,     83.30,261
833,     83.40,252
834,     83.50,269
835,     83.60,272
836,     83.70,265
837,     83.80,258
838,     83.90,236
839,     84.00,242
840,     84.10,281
841,     84.20,266
842,     84.30,261
843,     84.40,257
844,     84.50,275
845,     84.60,295
846,     84.70,292
847,     84.80,262
848,     84.90,237
849,     85.00,276
850,     85.10,259
851,     85.20,267
852,     85.30,293
853,     85.40,251
854,     85.50,272
855,     85.60,281
856,     85.70,267
857,     85.80,268
858,     85.90,271
859,     86.00,224
860,     86.10,257
861,     86.20,255
862,     86.30,268
863,     86.40,288
864,     86.50,273
865,     86.60,275
866,     86.70,274
867,     86.80,253
868,     86.90,246
869,     87.00,248
870,     87.10,275
871,     87.20,254
872,     87.30,270
873,     87.40,296
874,     87.50,259
875,     87.60,276
876,     87.70,277
877,     87.80,253
878,     87.90,245
879,     88.00,261
880,     88.10,264
881,     88.20,244
882,     88.30,253
883,     88.40,236
884,     88.50,238
885,     88.60,262
886,     88.70,258
887,     88.80,266
888,     88.90,254
889,     89.00,271
890,     89.10,266
891,     89.20,242
892,     89.30,252
893,     89.40,256
894,     89.50,259
895,     89.60,247
896,     89.70,243
897,     89.80,248
898,     89.90,258
899,     90.00,282
900,     90.10,261
901,     90.20,266
902,     90.30,259
903,     90.40,274
904,     90.50,259
905,     90.60,284
906,     90.70,266
907,     90.80,267
908,     90.90,253
909,     91.00,241
910,     91.10,290
911,     91.20,258
912,     91.30,256
913,     91.40,292
914,     91.50,273
915,     91.60,288
916,     91.70,241
917,     91.80,241
918,     91.90,257
919,     92.00,251
920,     92.10,234
921,     92.20,292
922,     92.30,245
923,     92.40,233
924,     92.50,250
925,     92.60,287
926,     92.70,267
927,     92.80,257
928,     92.90,253
929,     93.00,256
930,     93.10,242
931,     93.20,239
932,     93.30,241
933,     93.40,270
934,     93.50,262
935,     93.60,266
936,     93.70,263
937,     93.80,292
938,     93.90,262
939,     94.00,255
940,     94.10,283
941,     94.20,271
942,     94.30,247
943,     94.40,242
944,     94.50,266
945,     94.60,259
946,     94.70,254
947,     94.80,269
948,     94.90,239
949,     95.00,287
950,     95.10,276
951,     95.20,260
952,     95.30,244
953,     95.40,235
954,     95.50,243
955,     95.60,223
956,     95.70,235
957,     95.80,261
958,     95.90,273
959,     96.00,243
960,     96.10,240
961,     96.20,224
962,     96.30,256
963,     96.40,256
964,     96.50,250
965,     96.60,251
966,     96.70,274
967,     96.80,269
968,     96.90,252
969,     97.00,258
970,     97.10,254
971,     97.20,249
972,     97.30,262
973,     97.40,231
974,     97.50,267
975,     97.60,274
976,     97.70,256
977,     97.80,231
978,     97.90,230
979,     98.00,279
980,     98.10,238
981,     98.20,240
982,     98.30,256
983,     98.40,228
984,     98.50,283
985,     98.60,267
986,     98.70,250
987,     98.80,261
988,     98.90,253
989,     99.00,256
990,     99.10,236
991,     99.20,242
992,     99.30,232
993,     99.40,247
994,     99.50,231
995,     99.60,215
996,     99.70,260
997,     99.80,270
998,     99.90,236
999,    100.00,260
1000,    100.10,214
1001,    100.20,232
1002,    100.30,266
1003,    100.40,236
1004,    100.50,275
1005,    100.60,252
1006,    100.70,239
1007,    100.80,220
1008,    100.90,255
1009,    101.00,216
1010,    101.10,244
1011,    101.20,229
1012,    101.30,207
1013,    101.40,240
1014,    101.50,247
1015,    101.60,249
1016,    101.70,245
1017,    101.80,219
1018,    101.90,244
1019,    102.00,265
1020,    102.10,232
1021,    102.20,264
1022,    102.30,274
1023,    102.40,237
1024,    102.50,234
1025,    102.60,254
1026,    102.70,226
1027,    102.80,274
1028,    102.90,252
1029,    103.00,266
1030,    103.10,242
1031,    103.20,259
1032,    103.30,258
1033,    103.40,240
1034,    103.50,247
1035,    103.60,260
1036,    103.70,228
1037,    103.80,246
1038,    103.90,247
1039,    104.00,244
1040,    104.10,238
1041,    104.20,256
1042,    104.30,234
1043,    104.40,237
1044,    104.50,243
1045,    104.60,244
1046,    104.70,255
1047,    104.80,240
1048,    104.90,288
1049,    105.00,250
1050,    105.10,228
1051,    105.20,243
1052,    105.30,244
1053,    105.40,256
1054,    105.50,261
1055,    105.60,246
1056,    105.70,268
1057,    105.80,236
1058,    105.90,250
1059,    106.00,255
1060,    106.10,273
1061,    106.20,245
1062,    106.30,246
1063,    106.40,266
1064,    106.50,258
1065,    106.60,254
1066,    106.70,256
1067,    106.80,244
1068,    106.90,260
1069,    107.00,266
1070,    107.10,253
1071,    107.20,219
1072,    107.30,242
1073,    107.40,239
1074,    107.50,224
1075,    107.60,247
1076,    107.70,231
1077,    107.80,262
1078,    107.90,258
1079,    108.00,253
1080,    108.10,238
1081,    108.20,256
1082,    108.30,245
1083,    108.40,233
1084,    108.50,249
1085,    108.60,254
1086,    108.70,230
1087,    108.80,258
1088,    108.90,267
1089,    109.00,243
1090,    109.10,273
1091,    109.20,254
1092,    109.30,220
1093,    109.40,282
1094,    109.50,241
1095,    109.60,240
1096,    109.70,263
1097,    109.80,236
1098,    109.90,244
1099,    110.00,236
1100,    110.10,238
1101,    110.20,239
1102,    110.30,258
1103,    110.40,264
1104,    110.50,276
1105,    110.60,245
1106,    110.70,244
1107,    110.80,245
1108,    110.90,263
1109,    111.00,240
1110,    111.10,267
1111,    111.20,265
1112,    111.30,220
1113,    111.40,277
1114,    111.50,267
1115,    111.60,252
1116,    111.70,246
1117,    111.80,258
1118,    111.90,274
1119,    112.00,260
1120,    112.10,262
1121,    112.20,244
1122,    112.30,245
1123,    112.40,249
1124,    112.50,278
1125,    112.60,275
1126,    112.70,252
1127,    112.80,254
1128,    112.90,241
1129,    113.00,270
1130,    113.10,265
1131,    113.20,261
1132,    113.30,264
1133,    113.40,265
1134,    113.50,253
1135,    113.60,255
1136,    113.70,246
1137,    113.80,231
1138,    113.90,244
1139,    114.00,260
1140,    114.10,255
1141,    114.20,259
1142,    114.30,239
1143,    114.40,259
1144,    114.50,232
1145,    114.60,247
1146,    114.70,227
1147,    114.80,259
1148,    114.90,233
1149,    115.00,236
1150,    115.10,253
1151,    115.20,274
1152,    115.30,270
1153,    115.40,250
1154,    115.50,279
1155,    115.60,267
1156,    115.70,273
1157,    115.80,246
1158,    115.90,248
1159,    116.00,245
1160,    116.10,285
1161,    116.20,266
1162,    116.30,284
1163,    116.40,250
1164,    116.50,255
1165,    116.60,289
1166,    116.70,255
1167,    116.80,255
1168,    116.90,263
1169,    117.00,266
1170,    117.10,265
1171,    117.20,267
1172,    117.30,253
1173,    117.40,254
1174,    117.50,282
1175,    117.60,263
1176,    117.70,266
1177,    117.80,261
1178,    117.90,296
1179,    118.00,254
1180,    118.10,275
1181,    118.20,260
1182,    118.30,269
1183,    118.40,232
1184,    118.50,261
1185,    118.60,257
1186,    118.70,269
1187,    118.80,271
1188,    118.90,267
1189,    119.00,255
1190,    119.10,268
1191,    119.20,269
1192,    119.30,261
1193,    119.40,244
1194,    119.50,252
1195,    119.60,261
1196,    119.70,281
1197,    119.80,273
1198,    119.90,271
1199,    120.00,256
1200,    120.10,276
1201,    120.20,291
1202,    120.30,263
1203,    120.40,262
1204,    120.50,262
1205,    120.60,290
1206,    120.70,285
1207,    120.80,277
1208,    120.90,257
1209,    121.00,259
1210,    121.10,257
1211,    121.20,259
1212,    121.30,277
1213,    121.40,272
1214,    121.50,270
1215,    121.60,303
1216,    121.70,272
1217,    121.80,285
1218,    121.90,304
1219,    122.00,259
1220,    122.10,285
1221,    122.20,282
1222,    122.30,267
1223,    122.40,263
1224,    122.50,273
1225,    122.60,270
1226,    122.70,250
1227,    122.80,263
1228,    122.90,282
1229,    123.00,277
1230,    123.10,275
1231,    123.20,274
1232,    123.30,268
1233,    123.40,286
1234,    123.50,249
1235,    123.60,300
1236,    123.70,290
1237,    123.80,273
1238,    123.90,277
1239,    124.00,263
1240,    124.10,260
1241,    124.20,278
1242,    124.30,275
1243,    124.40,296
1244,    124.50,248
1245,    124.60,281
1246,    124.70,297
1247,    124.80,280
1248,    124.90,251
1249,    125.00,286
1250,    125.10,270
1251,    125.20,240
1252,    125.30,273
1253,    125.40,294
1254,    125.50,259
1255,    125.60,285
1256,    125.70,246
1257,    125.80,265
1258,    125.90,276
1259,    126.00,292
1260,    126.10,296
1261,    126.20,267
1262,    126.30,280
1263,    126.40,250
1264,    126.50,264
1265,    126.60,249
1266,    126.70,238
1267,    126.80,242
1268,    126.90,280
1269,    127.00,291
1270,    127.10,270
1271,    127.20,292
1272,    127.30,284
1273,    127.40,253
1274,    127.50,250
1275,    127.60,286
1276,    127.70,250
1277,    127.80,303
1278,    127.90,263
1279,    128.00,245
1280,    128.10,284
1281,    128.20,264
1282,    128.30,275
1283,    128.40,240
1284,    128.50,254
1285,    128.60,268
1286,    128.70,265
1287,    128.80,256
1288,    128.90,248
1289,    129.00,293
1290,    129.10,247
1291,    129.20,251
1292,    129.30,272
1293,    129.40,269
1294,    129.50,274
1295,    129.60,258
1296,    129.70,226
1297,    129.80,258
1298,    129.90,269
1299,    130.00,274
1300,    130.10,240
1301,    130.20,245
1302,    130.30,258
1303,    130.40,274
1304,    130.50,256
1305,    130.60,255
1306,    130.70,297
1307,    130.80,271
1308,    130.90,252
1309,    131.00,302
1310,    131.10,237
1311,    131.20,294
1312,    131.30,271
1313,    131.40,237
1314,    131.50,264
1315,    131.60,285
1316,    131.70,236
1317,    131.80,257
1318,    131.90,255
1319,    132.00,273
1320,    132.10,247
1321,    132.20,256
1322,    132.30,266
1323,    132.40,280
1324,    132.50,254
1325,    132.60,263
1326,    132.70,241
1327,    132.80,253
1328,    132.90,256
1329,    133.00,260
1330,    133.10,250
1331,    133.20,299
1332,    133.30,270
1333,    133.40,272
1334,    133.50,256
1335,    133.60,302
1336,    133.70,253
1337,    133.80,251
1338,    133.90,239
1339,    134.00,266
1340,    134.10,251
1341,    134.20,265
1342,    134.30,260
1343,    134.40,275
1344,    134.50,261
1345,    134.60,268
1346,    134.70,272
1347,    134.80,264
1348,    134.90,242
1349,    135.00,249
1350,    135.10,284
1351,    135.20,274
1352,    135.30,309
1353,    135.40,264
1354,    135.50,262
1355,    135.60,261
1356,    135.70,284
1357,    135.80,279
1358,    135.90,262
1359,    136.00,268
1360,    136.10,255
1361,    136.20,265
1362,    136.30,264
1363,    136.40,274
1364,    136.50,243
1365,    136.60,250
1366,    136.70,274
1367,    136.80,308
1368,    136.90,236
1369,    137.00,271
1370,    137.10,299
1371,    137.20,275
1372,    137.30,237
1373,    137.40,272
1374,    137.50,291
1375,    137.60,257
1376,    137.70,290
1377,    137.80,278
1378,    137.90,290
1379,    138.00,235
1380,    138.10,249
1381,    138.20,266
1382,    138.30,251
1383,    138.40,242
1384,    138.50,227
1385,    138.60,233
1386,    138.70,239
1387,    138.80,289
1388,    138.90,300
1389,    139.00,255
1390,    139.10,258
1391,    139.20,286
1392,    139.30,268
1393,    139.40,300
1394,    139.50,274
1395,    139.60,287
1396,    139.70,291
1397,    139.80,286
1398,    139.90,265
1399,    140.00,265
1400,    140.10,260
1401,    140.20,252
1402,    140.30,253
1403,    140.40,270
1404,    140.50,261
1405,    140.60,271
1406,    140.70,287
1407,    140.80,268
1408,    140.90,254
1409,    141.00,270
1410,    141.10,300
1411,    141.20,221
1412,    141.30,298
1413,    141.40,291
1414,    141.50,243
1415,    141.60,252
1416,    141.70,265
1417,    141.80,259
1418,    141.90,282
1419,    142.00,271
1420,    142.10,259
1421,    142.20,256
1422,    142.30,296
1423,    142.40,284
1424,    142.50,276
1425,    142.60,320
1426,    142.70,273
1427,    142.80,261
1428,    142.90,260
1429,    143.00,255
1430,    143.10,275
1431,    143.20,264
1432,    143.30,306
1433,    143.40,283
1434,    143.50,247
1435,    143.60,276
1436,    143.70,292
1437,    143.80,269
1438,    143.90,247
1439,    144.00,290
1440,    144.10,250
1441,    144.20,271
1442,    144.30,262
1443,    144.40,271
1444,    144.50,259
1445,    144.60,276
1446,    144.70,289
1447,    144.80,253
1448,    144.90,289
1449,    145.00,257
1450,    145.10,237
1451,    145.20,241
1452,    145.30,292
1453,    145.40,237
1454,    145.50,252
1455,    145.60,287
1456,    145.70,269
1457,    145.80,264
1458,    145.90,242
1459,    146.00,266
1460,    146.10,285
1461,    146.20,273
1462,    146.30,266
1463,    146.40,269
1464,    146.50,282
1465,    146.60,255
1466,    146.70,270
1467,    146.80,272
1468,    146.90,248
1469,    147.00,244
1470,    147.10,293
1471,    147.20,282
1472,    147.30,266
1473,    147.40,262
1474,    147.50,245
1475,    147.60,238
1476,    147.70,277
1477,    147.80,263
1478,    147.90,271
1479,    148.00,261
1480,    148.10,302
1481,    148.20,292
1482,    148.30,283
1483,    148.40,252
1484,    148.50,252
1485,    148.60,273
1486,    148.70,265
1487,    148.80,240
1488,    148.90,267
1489,    149.00,291
1490,    149.10,248
1491,    149.20,277
1492,    149.30,268
1493,    149.40,312
1494,    149.50,262
1495,    149.60,264
1496,    149.70,282
1497,    149.80,239
1498,    149.90,270
1499,    150.00,268
1500,    150.10,276
1501,    150.20,254
1502,    150.30,279
1503,    150.40,272
1504,    150.50,277
1505,    150.60,292
1506,    150.70,305
1507,    150.80,248
1508,    150.90,264
1509,    151.00,282
1510,    151.10,267
1511,    151.20,276
1512,    151.30,273
1513,    151.40,254
1514,    151.50,235
1515,    151.60,255
1516,    151.70,263
1517,    151.80,279
1518,    151.90,225
1519,    152.00,239
1520,    152.10,275
1521,    152.20,261
1522,    152.30,247
1523,    152.40,251
1524,    152.50,269
1525,    152.60,264
1526,    152.70,298
1527,    152.80,268
1528,    152.90,264
1529,    153.00,271
1530,    153.10,233
1531,    153.20,273
1532,    153.30,287
1533,    153.40,283
1534,    153.50,287
1535,    153.60,272
1536,    153.70,224
1537,    153.80,268
1538,    153.90,275
1539,    154.00,275
1540,    154.10,266
1541,    154.20,264
1542,    154.30,238
1543,    154.40,260
1544,    154.50,274
1545,    154.60,252
1546,    154.70,281
1547,    154.80,290
1548,    154.90,253
1549,    155.00,243
1550,    155.10,248
1551,    155.20,297
1552,    155.30,255
1553,    155.40,282
1554,    155.50,278
1555,    155.60,243
1556,    155.70,279
1557,    155.80,265
1558,    155.90,291
1559,    156.00,256
1560,    156.10,268
1561,    156.20,249
1562,    156.30,258
1563,    156.40,248
1564,    156.50,265
1565,    156.60,261
1566,    156.70,272
1567,    156.80,231
1568,    156.90,249
1569,    157.00,260
1570,    157.10,273
1571,    157.20,263
1572,    157.30,277
1573,    157.40,279
1574,    157.50,270
1575,    157.60,280
1576,    157.70,242
1577,    157.80,254
1578,    157.90,287
1579,    158.00,266
1580,    158.10,273
1581,    158.20,237
1582,    158.30,285
1583,    158.40,261
1584,    158.50,282
1585,    158.60,291
1586,    158.70,263
1587,    158.80,278
1588,    158.90,288
1589,    159.00,259
1590,    159.10,292
1591,    159.20,259
1592,    159.30,269
1593,    159.40,272
1594,    159.50,276
1595,    159.60,238
1596,    159.70,248
1597,    159.80,289
1598,    159.90,274
1599,    160.00,242
1600,    160.10,290
1601,    160.20,242
1602,    160.30,274
1603,    160.40,257
1604,    160.50,257
1605,    160.60,296
1606,    160.70,269
1607,    160.80,296
1608,    160.90,270
1609,    161.00,243
1610,    161.10,266
1611,    161.20,246
1612,    161.30,280
1613,    161.40,278
1614,    161.50,277
1615,    161.60,247
1616,    161.70,242
1617,    161.80,255
1618,    161.90,262
1619,    162.00,279
1620,    162.10,253
1621,    162.20,251
1622,    162.30,300
1623,    162.40,266
1624,    162.50,291
1625,    162.60,277
1626,    162.70,253
1627,    162.80,262
1628,    162.90,284
1629,    163.00,264
1630,    163.10,272
1631,    163.20,254
1632,    163.30,269
1633,    163.40,275
1634,    163.50,237
1635,    163.60,240
1636,    163.70,247
1637,    163.80,258
1638,    163.90,262
1639,    164.00,274
1640,    164.10,254
1641,    164.20,279
1642,    164.30,293
1643,    164.40,285
1644,    164.50,257
1645,    164.60,236
1646,    164.70,260
1647,    164.80,289
1648,    164.90,241
1649,    165.00,266
1650,    165.10,274
1651,    165.20,254
1652,    165.30,255
1653,    165.40,278
1654,    165.50,279
1655,    165.60,247
1656,    165.70,257
1657,    165.80,253
1658,    165.90,269
1659,    166.00,234
1660,    166.10,290
1661,    166.20,270
1662,    166.30,258
1663,    166.40,288
1664,    166.50,275
1665,    166.60,245
1666,    166.70,275
1667,    166.80,297
1668,    166.90,263
1669,    167.00,267
1670,    167.10,255
1671,    167.20,311
1672,    167.30,238
1673,    167.40,265
1674,    167.50,292
1675,    167.60,289
1676,    167.70,228
1677,    167.80,262
1678,    167.90,292
1679,    168.00,262
1680,    168.10,309
1681,    168.20,270
1682,    168.30,258
1683,    168.40,260
1684,    168.50,269
1685,    168.60,264
1686,    168.70,267
1687,    168.80,274
1688,    168.90,271
1689,    169.00,260
1690,    169.10,250
1691,    169.20,252
1692,    169.30,256
1693,    169.40,253
1694,    169.50,271
1695,    169.60,266
1696,    169.70,249
1697,    169.80,218
1698,    169.90,254
1699,    170.00,229
1700,    170.10,275
1701,    170.20,283
1702,    170.30,273
1703,    170.40,280
1704,    170.50,278
1705,    170.60,286
1706,    170.70,242
1707,    170.80,271
1708,    170.90,248
1709,    171.00,262
1710,    171.10,293
1711,    171.20,278
1712,    171.30,239
1713,    171.40,251
1714,    171.50,250
1715,    171.60,259
1716,    171.70,273
1717,    171.80,259
1718,    171.90,271
1719,    172.00,274
1720,    172.10,269
1721,    172.20,270
1722,    172.30,263
1723,    172.40,281
1724,    172.50,295
1725,    172.60,269
1726,    172.70,251
1727,    172.80,253
1728,    172.90,264
1729,    173.00,251
1730,    173.10,280
1731,    173.20,261
1732,    173.30,247
1733,    173.40,245
1734,    173.50,282
1735,    173.60,278
1736,    173.70,275
1737,    173.80,255
1738,    173.90,284
1739,    174.00,305
1740,    174.10,277
1741,    174.20,270
1742,    174.30,261
1743,    174.40,293
1744,    174.50,295
1745,    174.60,247
1746,    174.70,279
1747,    174.80,273
1748,    174.90,300
1749,    175.00,271
1750,    175.10,269
1751,    175.20,258
1752,    175.30,300
1753,    175.40,259
1754,    175.50,246
1755,    175.60,259
1756,    175.70,250
1757,    175.80,255
1758,    175.90,284
1759,    176.00,285
1760,    176.10,254
1761,    176.20,250
1762,    176.30,289
1763,    176.40,268
1764,    176.50,288
1765,    176.60,250
1766,    176.70,272
1767,    176.80,255
1768,    176.90,243
1769,    177.00,268
1770,    177.10,269
1771,    177.20,285
1772,    177.30,269
1773,    177.40,269
1774,    177.50,269
1775,    177.60,250
1776,    177.70,242
1777,    177.80,246
1778,    177.90,246
1779,    178.00,272
1780,    178.10,283
1781,    178.20,265
1782,    178.30,281
1783,    178.40,239
1784,    178.50,249
1785,    178.60,263
1786,    178.70,250
1787,    178.80,262
1788,    178.90,277
1789,    179.00,274
1790,    179.10,259
1791,    179.20,275
1792,    179.30,269
1793,    179.40,246
1794,    179.50,265
1795,    179.60,267
1796,    179.70,278
1797,    179.80,240
1798,    179.90,292
1799,    180.00,250
1800,    180.10,228
1801,    180.20,258
1802,    180.30,255
1803,    180.40,278
1804,    180.50,294
1805,    180.60,254
1806,    180.70,245
1807,    180.80,274
1808,    180.90,274
1809,    181.00,257
1810,    181.10,245
1811,    181.20,249
1812,    181.30,273
1813,    181.40,308
1814,    181.50,263
1815,    181.60,250
1816,    181.70,268
1817,    181.80,256
1818,    181.90,264
1819,    182.00,292
1820,    182.10,237
1821,    182.20,292
1822,    182.30,261
1823,    182.40,257
1824,    182.50,275
1825,    182.60,256
1826,    182.70,276
1827,    182.80,267
1828,    182.90,238
1829,    183.00,260
1830,    183.10,281
1831,    183.20,285
1832,    183.30,249
1833,    183.40,270
1834,    183.50,243
1835,    183.60,252
1836,    183.70,254
1837,    183.80,276
1838,    183.90,275
1839,    184.00,275
1840,    184.10,278
1841,    184.20,267
1842,    184.30,259
1843,    184.40,270
1844,    184.50,270
1845,    184.60,264
1846,    184.70,226
1847,    184.80,281
1848,    184.90,278
1849,    185.00,274
1850,    185.10,283
1851,    185.20,234
1852,    185.30,270
1853,    185.40,265
1854,    185.50,264
1855,    185.60,280
1856,    185.70,261
1857,    185.80,284
1858,    185.90,258
1859,    186.00,278
1860,    186.10,240
1861,    186.20,244
1862,    186.30,255
1863,    186.40,281
1864,    186.50,289
1865,    186.60,284
1866,    186.70,280
1867,    186.80,261
1868,    186.90,261
1869,    187.00,286
1870,    187.10,256
1871,    187.20,274
1872,    187.30,270
1873,    187.40,234
1874,    187.50,250
1875,    187.60,286
1876,    187.70,255
1877,    187.80,258
1878,    187.90,278
1879,    188.00,276
1880,    188.10,266
1881,    188.20,275
1882,    188.30,275
1883,    188.40,244
1884,    188.50,256
1885,    188.60,247
1886,    188.70,273
1887,    188.80,270
1888,    188.90,271
1889,    189.00,246
1890,    189.10,277
1891,    189.20,252
1892,    189.30,288
1893,    189.40,264
1894,    189.50,262
1895,    189.60,284
1896,    189.70,307
1897,    189.80,281
1898,    189.90,271
1899,    190.00,293
1900,    190.10,269
1901,    190.20,248
1902,    190.30,284
1903,    190.40,261
1904,    190.50,284
1905,    190.60,284
1906,    190.70,302
1907,    190.80,277
1908,    190.90,283
1909,    191.00,288
1910,    191.10,244
1911,    191.20,259
1912,    191.30,274
1913,    191.40,274
1914,    191.50,283
1915,    191.60,276
1916,    191.70,272
1917,    191.80,299
1918,    191.90,263
1919,    192.00,254
1920,    192.10,273
1921,    192.20,256
1922,    192.30,264
1923,    192.40,251
1924,    192.50,252
1925,    192.60,260
1926,    192.70,281
1927,    192.80,255
1928,    192.90,261
1929,    193.00,268
1930,    193.10,281
1931,    193.20,268
1932,    193.30,247
1933,    193.40,244
1934,    193.50,268
1935,    193.60,276
1936,    193.70,270
1937,    193.80,258
1938,    193.90,247
1939,    194.00,281
1940,    194.10,252
1941,    194.20,246
1942,    194.30,265
1943,    194.40,293
1944,    194.50,243
1945,    194.60,253
1946,    194.70,304
1947,    194.80,282
1948,    194.90,276
1949,    195.00,241
1950,    195.10,291
1951,    195.20,278
1952,    195.30,261
1953,    195.40,256
1954,    195.50,292
1955,    195.60,267
1956,    195.70,256
1957,    195.80,270
1958,    195.90,289
1959,    196.00,267
1960,    196.10,245
1961,    196.20,257
1962,    196.30,269
1963,    196.40,278
1964,    196.50,257
1965,    196.60,286
1966,    196.70,240
1967,    196.80,231
1968,    196.90,276
1969,    197.00,272
1970,    197.10,295
1971,    197.20,267
1972,    197.30,300
1973,    197.40,258
1974,    197.50,266
1975,    197.60,301
1976,    197.70,270
1977,    197.80,276
1978,    197.90,242
1979,    198.00,264
1980,    198.10,280
1981,    198.20,254
1982,    198.30,274
1983,    198.40,276
1984,    198.50,254
1985,    198.60,262
1986,    198.70,277
1987,    198.80,261
1988,    198.90,279
1989,    199.00,259
1990,    199.10,256
1991,    199.20,309
1992,    199.30,274
1993,    199.40,257
1994,    199.50,255
1995,    199.60,275
1996,    199.70,278
1997,    199.80,274
1998,    199.90,263
1999,    200.00,267
2000,    200.10,279
2001,    200.20,266
2002,    200.30,259
2003,    200.40,265
2004,    200.50,240
2005,    200.60,235
2006,    200.70,269
2007,    200.80,275
2008,    200.90,274
2009,    201.00,268
2010,    201.10,261
2011,    201.20,250
2012,    201.30,288
2013,    201.40,247
2014,    201.50,288
2015,    201.60,246
2016,    201.70,254
2017,    201.80,276
2018,    201.90,276
2019,    202.00,265
2020,    202.10,260
2021,    202.20,264
2022,    202.30,224
2023,    202.40,253
2024,    202.50,271
2025,    202.60,282
2026,    202.70,264
2027,    202.80,291
2028,    202.90,259
2029,    203.00,271
2030,    203.10,281
2031,    203.20,266
2032,    203.30,256
2033,    203.40,242
2034,    203.50,263
2035,    203.60,269
2036,    203.70,266
2037,    203.80,296
2038,    203.90,268
2039,    204.00,286
2040,    204.10,251
2041,    204.20,278
2042,    204.30,248
2043,    204.40,289
2044,    204.50,293
2045,    204.60,254
2046,    204.70,296
2047,    204.80,233
